Code,Country,Year,HIC,BaselineIncidence,InterventionIncidence,Change,PercentChange,InterventionApplied
AFG,Afghanistan,2024,0,229.06,210.7358637596743,-18.324136240325714,-7.999710224534059,1
AGO,Angola,2024,0,14.99,13.716406422312401,-1.273593577687599,-8.496288043222833,1
ALB,Albania,2024,0,17.55,16.072504010875235,-1.4774959891247654,-8.418780564765507,1
ARE,United Arab Emirates,2024,1,53.14,48.827782595621855,-4.312217404378146,-8.114823869721548,0
ARG,Argentina,2024,0,0.31,0.2056593128973887,-0.1043406871026113,-33.65828615127516,1
ARM,Armenia,2024,0,187.64,172.614941057224,-15.025058942775985,-8.007385921321669,1
AUS,Australia,2024,1,2.13,1.8806974422662797,-0.24930255773372023,-11.704345432958494,0
AUT,Austria,2024,1,61.07,56.12616301644342,-4.943836983556579,-8.095361034138667,0
AZE,Azerbaijan,2024,0,1614.65,1485.9644800631042,-128.68551993689584,-7.969870865939234,1
BDI,Burundi,2024,0,186.22,171.30804317606803,-14.911956823931973,-8.007709603653725,1
BEL,Belgium,2024,1,44.89,41.23488997622991,-3.655110023770092,-8.142370291294164,0
BEN,Benin,2024,0,53.86,49.49043504240516,-4.369564957594839,-8.112820196039225,1
BFA,Burkina Faso,2024,0,309.57,284.83329221873447,-24.736707781265522,-7.990666983641029,1
BGD,Bangladesh,2024,0,1.42,1.2272485016883061,-0.1927514983116938,-13.574049175923927,1
BGR,Bulgaria,2024,1,4.0,3.6017531026617884,-0.3982468973382116,-9.956172433206385,0
BHR,Bahrain,2024,1,1.24,1.0615853899924816,-0.17841461000751835,-14.388274999445974,0
BHS,Bahamas,2024,1,0.0,0.0,0.0,0.0,0
BIH,Bosnia and Herzegovina,2024,0,533.46,490.89059264972406,-42.56940735027598,-7.979868659368648,1
BLR,Belarus,2024,0,58.52,53.779268934085955,-4.740731065914048,-8.10104420011269,1
BLZ,Belize,2024,0,0.0,0.0,0.0,0.0,1
BOL,Bolivia (Plurinational State of),2024,0,0.24,0.14123476946012367,-0.09876523053987632,-41.152179374468396,1
BRA,Brazil,2024,0,0.02,0.0,-0.02,-99.99999949999999,1
BRB,Barbados,2024,1,0.0,0.0,0.0,0.0,0
BRN,Brunei Darussalam,2024,1,0.0,0.0,0.0,0.0,0
BTN,Bhutan,2024,0,0.0,0.0,0.0,0.0,1
BWA,Botswana,2024,0,1.19,1.0155678589658632,-0.17443214103413673,-14.658163110880553,1
CAF,Central African Republic,2024,0,22.14,20.296913359118758,-1.8430866408812427,-8.324691241521762,1
CAN,Canada,2024,1,3.7,3.325647916502082,-0.3743520834979184,-10.117623878048668,0
CHE,Switzerland,2024,1,11.21,10.237481076700087,-0.9725189232999139,-8.675458726951279,0
CHL,Chile,2024,1,0.0,0.0,0.0,0.0,0
CHN,China,2024,0,0.9,0.7486661790114798,-0.15133382098852022,-16.81486899685615,1
CIV,Côte d'Ivoire,2024,0,207.58,190.9667324306392,-16.6132675693608,-8.00330839645091,1
CMR,Cameroon,2024,0,29.84,27.38361313721791,-2.4563868627820895,-8.231859459697915,1
COD,Democratic Republic of the Congo,2024,0,46.54,42.75346850010828,-3.7865314998917157,-8.136079716122861,1
COG,Congo,2024,0,28.74,26.37122745463232,-2.36877254536768,-8.242075662350166,1
COK,Cook Islands,2024,0,0.0,0.0,0.0,0.0,1
COL,Colombia,2024,0,0.0,0.0,0.0,0.0,1
COM,Comoros,2024,0,18.46,16.910023075559682,-1.549976924440319,-8.396408041343026,1
CRI,Costa Rica,2024,1,0.0,0.0,0.0,0.0,0
CUB,Cuba,2024,0,0.0,0.0,0.0,0.0,1
CYP,Cyprus,2024,1,19.88,18.216920956715633,-1.663079043284366,-8.365588748873243,0
CZE,Czechia,2024,1,3.45,3.0955602613689917,-0.3544397386310085,-10.273615612195213,0
DEU,Germany,2024,1,7.72,7.02545741104216,-0.69454258895784,-8.996665659959111,0
DJI,Djibouti,2024,0,51.34,47.1711514786636,-4.1688485213364,-8.120078927402181,1
DMA,Dominica,2024,0,0.0,0.0,0.0,0.0,1
DNK,Denmark,2024,1,4.18,3.767416214357613,-0.41258378564238685,-9.870425493600871,0
DOM,Dominican Republic,2024,0,0.0,0.0,0.0,0.0,1
DZA,Algeria,2024,0,1.62,1.4113186257947776,-0.20868137420522248,-12.881566308169193,1
ECU,Ecuador,2024,0,0.0,0.0,0.0,0.0,1
EGY,Egypt,2024,0,0.78,0.6382241045475969,-0.1417758954524031,-18.176396850541884,1
ERI,Eritrea,2024,0,2.83,2.5249428766389306,-0.3050571233610695,-10.779403651953713,1
ESP,Spain,2024,1,5.03,4.5497142418101175,-0.4802857581898827,-9.548424615911218,0
EST,Estonia,2024,1,2.94,2.62618144489749,-0.3138185551025101,-10.674100513327756,0
ETH,Ethiopia,2024,0,228.69,210.3953340300772,-18.29466596992279,-7.999766482974678,1
FIN,Finland,2024,1,0.36,0.2516768439240066,-0.10832315607599341,-30.089765568306568,0
FJI,Fiji,2024,0,0.0,0.0,0.0,0.0,1
FRA,France,2024,1,7.27,6.611299631802598,-0.658700368197402,-9.060527760499882,0
FSM,Micronesia (Federated States of),2024,0,0.0,0.0,0.0,0.0,1
GAB,Gabon,2024,0,11.82,10.798894955224826,-1.0211050447751742,-8.638790564860706,1
GBR,United Kingdom of Great Britain and Northern Ireland,2024,1,42.29,38.84197836284577,-3.448021637154227,-8.153278877148436,0
GEO,Georgia,2024,0,91.92,84.51897965986667,-7.4010203401333285,-8.05158870770809,1
GHA,Ghana,2024,0,121.68,111.90861412690968,-9.771385873090324,-8.03039601666855,1
GIN,Guinea,2024,0,43.04,39.532241328245036,-3.5077586717549636,-8.149996913909883,1
GMB,Gambia,2024,0,6.88,6.252362889794981,-0.6276371102050193,-9.122632415638034,1
GNB,Guinea-Bissau,2024,0,25.44,23.334070406875544,-2.1059295931244577,-8.278025130173662,1
GNQ,Equatorial Guinea,2024,0,272.65,250.85394730867966,-21.796052691320313,-7.994150996263458,1
GRC,Greece,2024,1,3.78,3.39927596614467,-0.38072403385532994,-10.072064387440685,0
GRD,Grenada,2024,0,0.0,0.0,0.0,0.0,1
GTM,Guatemala,2024,0,0.0,0.0,0.0,0.0,1
GUY,Guyana,2024,1,0.0,0.0,0.0,0.0,0
HND,Honduras,2024,0,0.0,0.0,0.0,0.0,1
HRV,Croatia,2024,1,8.52,7.761737907468047,-0.758262092531953,-8.899789818345695,0
HTI,Haiti,2024,0,0.0,0.0,0.0,0.0,1
HUN,Hungary,2024,1,1.86,1.6322027747225432,-0.22779722527745694,-12.247162648667192,0
IDN,Indonesia,2024,0,25.37,23.269645863438278,-2.100354136561723,-8.278888989174002,1
IND,India,2024,0,14.31,13.090568000350395,-1.219431999649606,-8.521537383934902,1
IRL,Ireland,2024,1,40.34,37.04729465280767,-3.2927053471923315,-8.162383111512566,0
IRN,Iran (Islamic Republic of),2024,0,4.77,4.310423080471704,-0.4595769195282955,-9.634736258252847,1
IRQ,Iraq,2024,0,703.71,647.5802857953579,-56.12971420464214,-7.976256441521956,1
ISL,Iceland,2024,1,5.08,4.595731772836735,-0.48426822716326523,-9.532839117199456,0
ISR,Israel,2024,1,3.3,2.9575076682891384,-0.34249233171086146,-10.37855550607524,0
ITA,Italy,2024,1,17.78,16.28418465359768,-1.4958153464023205,-8.412909709752013,0
JAM,Jamaica,2024,0,0.0,0.0,0.0,0.0,1
JOR,Jordan,2024,0,1.38,1.1904344768670116,-0.18956552313298825,-13.736632110090698,1
JPN,Japan,2024,1,0.34,0.2332698315133595,-0.10673016848664052,-31.39122601624979,0
KAZ,Kazakhstan,2024,0,1366.85,1257.901596295186,-108.94840370481393,-7.970765168438817,1
KEN,Kenya,2024,0,24.47,22.44133030495915,-2.0286696950408505,-8.290436023835554,1
KGZ,Kyrgyzstan,2024,0,2005.01,1845.2325482941142,-159.77745170588582,-7.968910464580119,1
KHM,Cambodia,2024,0,37.76,34.672790051834184,-3.087209948165814,-8.175873803383576,1
KIR,Kiribati,2024,0,0.0,0.0,0.0,0.0,1
KNA,Saint Kitts and Nevis,2024,1,0.0,0.0,0.0,0.0,0
KOR,Republic of Korea,2024,1,0.95,0.7946837100380977,-0.15531628996190228,-16.349083152163495,0
KWT,Kuwait,2024,1,1.42,1.2272485016883061,-0.1927514983116938,-13.574049175923927,0
LAO,Lao People's Democratic Republic,2024,0,0.13,0.03999620120156432,-0.09000379879843567,-69.23369133015537,1
LBN,Lebanon,2024,0,12.75,11.65482103231992,-1.0951789676800807,-8.589638962129342,1
LBR,Liberia,2024,0,399.98,368.0421918210649,-31.937808178935143,-7.984851287296154,1
LBY,Libya,2024,0,25.06,22.984337171073246,-2.0756628289267525,-8.282772661286792,1
LCA,Saint Lucia,2024,0,0.0,0.0,0.0,0.0,1
LKA,Sri Lanka,2024,0,13.33,12.18862439222869,-1.1413756077713106,-8.56245767263877,1
LSO,Lesotho,2024,0,0.43,0.31610138736127164,-0.11389861263872836,-26.48804944470705,1
LTU,Lithuania,2024,1,9.44,8.608460478357815,-0.8315395216421848,-8.808681373234917,0
LUX,Luxembourg,2024,1,4.46,4.025114388106672,-0.43488561189332753,-9.750798472725936,0
LVA,Latvia,2024,1,0.0,0.0,0.0,0.0,0
MAR,Morocco,2024,0,10.74,9.80491628504988,-0.935083714950121,-8.706552280646317,1
MCO,Monaco,2024,1,51.77,47.56690224549253,-4.203097754507475,-8.118790331271693,0
MDA,Republic of Moldova,2024,0,72.82,66.94028280769861,-5.879717192301385,-8.074316386011137,1
MDG,Madagascar,2024,0,3.38,3.031135717931727,-0.348864282068273,-10.321428463253007,1
MDV,Maldives,2024,0,5.68,5.147942145156149,-0.5320578548438508,-9.367215754128233,1
MEX,Mexico,2024,0,0.05,0.0,-0.05,-99.9999998,1
MHL,Marshall Islands,2024,0,0.0,0.0,0.0,0.0,1
MKD,North Macedonia,2024,0,1.1,0.9327363031179513,-0.16726369688204878,-15.205790624258453,1
MLI,Mali,2024,0,15.12,13.836052002981603,-1.2839479970183962,-8.491719556943814,1
MLT,Malta,2024,1,16.68,15.271798971012084,-1.408201028987916,-8.442452212107158,0
MMR,Myanmar,2024,0,0.55,0.4265434618251547,-0.12345653817484536,-22.44664330043613,1
MNE,Montenegro,2024,0,54.82,50.3739716381162,-4.446028361883798,-8.110230503239123,1
MNG,Mongolia,2024,0,3.45,3.0955602613689917,-0.3544397386310085,-10.273615612195213,1
MOZ,Mozambique,2024,0,20.39,18.68629977318713,-1.7037002268128703,-8.355567566476287,1
MRT,Mauritania,2024,0,69.64,64.01356783440578,-5.626432165594224,-8.07931097872795,1
MWI,Malawi,2024,0,8.31,7.568464277156251,-0.7415357228437491,-8.923414233872752,1
MYS,Malaysia,2024,0,106.62,98.04813378169237,-8.571866218307633,-8.03964192299718,1
NAM,Namibia,2024,0,24.42,22.39531277393254,-2.02468722606746,-8.291102481814779,1
NER,Niger,2024,0,62.63,57.56190998447391,-5.068090015526096,-8.092112430972383,1
NGA,Nigeria,2024,0,47.05,43.22284731657978,-3.8271526834202163,-8.134224619366806,1
NIC,Nicaragua,2024,0,0.0,0.0,0.0,0.0,1
NIU,Niue,2024,0,0.0,0.0,0.0,0.0,1
NLD,Netherlands (Kingdom of the),2024,1,11.25,10.274295101521384,-0.9757048984786163,-8.672932430843941,0
NOR,Norway,2024,1,1.79,1.5677782312852782,-0.22222176871472188,-12.414623949849567,0
NPL,Nepal,2024,0,3.91,3.5189215468138766,-0.39107845318612355,-10.002006475092623,1
NRU,Nauru,2024,1,0.0,0.0,0.0,0.0,0
NZL,New Zealand,2024,1,0.19,0.09521723843350577,-0.09478276156649423,-49.885663956109774,0
OMN,Oman,2024,1,2.46,2.184413147041958,-0.2755868529580421,-11.202717599465016,0
PAK,Pakistan,2024,0,96.56,88.78940653913679,-7.770593460863211,-8.047424876610567,1
PAN,Panama,2024,1,0.0,0.0,0.0,0.0,0
PER,Peru,2024,0,0.06,0.0,-0.06,-99.99999983333333,1
PHL,Philippines,2024,0,34.56,31.72766806613065,-2.8323319338693516,-8.195404901218623,1
PLW,Palau,2024,1,0.0,0.0,0.0,0.0,0
PNG,Papua New Guinea,2024,0,0.0,0.0,0.0,0.0,1
POL,Poland,2024,1,7.37,6.703334693855835,-0.6666653061441652,-9.045662227070821,0
PRK,Democratic People's Republic of Korea,2024,0,0.0,0.0,0.0,0.0,1
PRT,Portugal,2024,1,3.36,3.0127287055210794,-0.34727129447892047,-10.335455192517411,0
PRY,Paraguay,2024,0,0.0,0.0,0.0,0.0,1
QAT,Qatar,2024,1,16.4,15.014100797263023,-1.3858992027369759,-8.450604894686132,0
ROU,Romania,2024,1,1613.98,1485.3478451473477,-128.63215485265232,-7.969872913706758,0
RUS,Russian Federation,2024,1,152.44,140.218599214485,-12.221400785514987,-8.0171876052919,0
RWA,Rwanda,2024,0,2.88,2.570960407665548,-0.309039592334452,-10.730541400129217,1
SAU,Saudi Arabia,2024,1,36.6,33.60518333201665,-2.9948166679833506,-8.182559202117943,0
SDN,Sudan,2024,0,28.78,26.408041479453612,-2.3719585205463893,-8.241690481369519,1
SEN,Senegal,2024,0,28.65,26.288395898784408,-2.3616041012155904,-8.242946252032628,1
SGP,Singapore,2024,1,2.06,1.8162728988290144,-0.24372710117098562,-11.831412677628846,0
SLB,Solomon Islands,2024,0,0.0,0.0,0.0,0.0,1
SLE,Sierra Leone,2024,0,5.32,4.816615921764502,-0.5033840782354986,-9.462106733572114,1
SLV,El Salvador,2024,0,0.0,0.0,0.0,0.0,1
SMR,San Marino,2024,1,59.56,54.736433579439606,-4.823566420560397,-8.09866759662911,0
SOM,Somalia,2024,0,79.75,73.31831260798786,-6.431687392012137,-8.064811776807613,1
SRB,Serbia,2024,0,132.42,121.79317979142711,-10.62682020857288,-8.025087002390014,1
SSD,South Sudan,2024,0,257.55,236.956652938641,-20.593347061358998,-7.99586373960435,1
SVK,Slovakia,2024,1,0.73,0.592206573520979,-0.13779342647902093,-18.875811843855494,0
SVN,Slovenia,2024,1,8.02,7.301562597201866,-0.7184374027981333,-8.958072353979741,0
SWE,Sweden,2024,1,3.49,3.1323742861902866,-0.35762571380971364,-10.247155123193881,0
SWZ,Eswatini,2024,0,0.0,0.0,0.0,0.0,1
SYR,Syrian Arab Republic,2024,0,5.43,4.91785449002306,-0.5121455099769401,-9.431777347467925,1
TCD,Chad,2024,0,57.05,52.42635352190337,-4.623646478096624,-8.104551232407571,1
TGO,Togo,2024,0,41.2,37.8387961864655,-3.3612038135345017,-8.158261683316367,1
THA,Thailand,2024,0,114.32,105.1348335597915,-9.18516644020849,-8.03461025209977,1
TJK,Tajikistan,2024,0,0.0,0.0,0.0,0.0,1
TKM,Turkmenistan,2024,0,0.0,0.0,0.0,0.0,1
TLS,Timor-Leste,2024,0,1.43,1.2364520078936294,-0.19354799210637053,-13.534824621876623,1
TTO,Trinidad and Tobago,2024,1,0.0,0.0,0.0,0.0,0
TUN,Tunisia,2024,0,1.3,1.1168064272244227,-0.18319357277557735,-14.09181328934504,1
TUR,Türkiye,2024,0,17.41,15.943654924000704,-1.4663450759992962,-8.422430074617312,1
TUV,Tuvalu,2024,0,0.0,0.0,0.0,0.0,1
TZA,United Republic of Tanzania,2024,0,5.75,5.2123666885934155,-0.5376333114065845,-9.350144546038859,1
UGA,Uganda,2024,0,21.41,19.625057406130136,-1.7849425938698644,-8.336957467825911,1
UKR,Ukraine,2024,0,12.49,11.415529870981505,-1.0744701290184953,-8.602643146596417,1
URY,Uruguay,2024,1,0.0,0.0,0.0,0.0,0
USA,United States of America,2024,1,0.83,0.6842416355742147,-0.14575836442578527,-17.561248723882414,0
UZB,Uzbekistan,2024,0,40.12,36.84481751629054,-3.2751824837094574,-8.163465811817781,1
VCT,Saint Vincent and the Grenadines,2024,0,0.0,0.0,0.0,0.0,1
VEN,Venezuela (Bolivarian Republic of),2024,0,0.0,0.0,0.0,0.0,1
VNM,Viet Nam,2024,0,20.84,19.10045755242669,-1.7395424475733101,-8.34713266585875,1
WSM,Samoa,2024,0,0.0,0.0,0.0,0.0,1
YEM,Yemen,2024,0,591.13,543.9672129358252,-47.162787064174836,-7.978412035282739,1
ZAF,South Africa,2024,0,17.33,15.870026874358112,-1.459973125641886,-8.424541982882065,1
ZMB,Zambia,2024,0,15.01,13.734813434723044,-1.2751865652769556,-8.495580048424117,1
ZWE,Zimbabwe,2024,0,2.16,1.9083079608822504,-0.25169203911774973,-11.652409217874874,1
